,beanie_pval,direction,robust,excluded_BRCA_4,excluded_BRCA_24,excluded_BRCA_10,excluded_BRCA_38,excluded_BRCA_14,excluded_BRCA_32,excluded_BRCA_8,excluded_BRCA_47,excluded_BRCA_22,excluded_BRCA_19,excluded_BRCA_13,excluded_BRCA_43,excluded_BRCA_18,excluded_BRCA_9,excluded_BRCA_35,excluded_BRCA_37,excluded_BRCA_23,excluded_BRCA_2,excluded_BRCA_6,excluded_BRCA_33,excluded_BRCA_20,excluded_BRCA_48,excluded_BRCA_3,excluded_BRCA_25,excluded_BRCA_7
alphabeta_tcell_1,0.67456,TNBC,True,1.0,1.0,1.0,1.0,1.0,1.0,1.0,1.0,1.0,1.0,1.0,1.0,1.0,1.0,1.0,1.0,1.0,1.0,1.0,1.0,1.0,1.0,1.0,1.0,1.0
alphabeta_tcell_2,0.63999,TNBC,True,1.0,1.0,1.0,1.0,1.0,1.0,1.0,1.0,1.0,1.0,1.0,1.0,1.0,1.0,1.0,1.0,1.0,1.0,1.0,1.0,1.0,1.0,1.0,1.0,1.0
NKT_1,0.161,TNBC,False,0.5,2.0,0.5,0.5,2.0,1.0,0.0,0.5,0.5,0.0,1.5,0.5,1.5,6.0,1.0,2.0,1.5,0.0,2.5,1.0,0.5,0.5,0.5,1.0,1.0
bcell_1,0.08852,TNBC,False,0.42857142857142855,1.1904761904761905,0.6190476190476191,0.7142857142857143,0.7619047619047621,0.047619047619047616,0.7619047619047621,0.8095238095238096,0.7142857142857143,0.5714285714285714,0.7619047619047621,0.7142857142857143,0.8571428571428571,2.2857142857142856,1.4285714285714286,1.0952380952380951,0.8571428571428571,0.42857142857142855,1.5238095238095242,1.0952380952380951,0.6666666666666667,1.6666666666666663,0.8095238095238096,0.42857142857142855,0.5714285714285714
nk_1,0.39047,TNBC,False,1.0,1.0,1.0,1.0,0.0,1.0,0.0,1.0,1.0,1.0,1.0,1.0,1.0,1.0,1.0,1.0,1.0,1.0,0.0,1.0,1.0,1.0,1.0,1.0,1.0
myeloid_1,0.35684,TNBC,False,1.0,1.0,1.0,1.0,1.0,1.0,0.0,1.0,0.0,1.0,1.0,1.0,0.0,0.0,1.0,1.0,1.0,1.0,1.0,1.0,1.0,1.0,1.0,1.0,1.0
myeloid_2,0.33074000000000003,TNBC,False,1.0,1.0,1.0,1.0,1.0,1.0,1.0,1.0,1.0,1.0,1.0,1.0,0.0,0.0,1.0,0.0,1.0,1.0,1.0,1.0,1.0,1.0,1.0,1.0,1.0
mast_2,0.32051999999999997,TNBC,True,1.0,1.0,1.0,1.0,1.0,1.0,1.0,1.0,1.0,1.0,1.0,1.0,1.0,1.0,1.0,1.0,1.0,1.0,1.0,1.0,1.0,1.0,1.0,1.0,1.0
