,beanie_pval,direction,robust,excluded_BRCA_4,excluded_BRCA_24,excluded_BRCA_10,excluded_BRCA_8,excluded_BRCA_47,excluded_BRCA_22,excluded_BRCA_49,excluded_BRCA_13,excluded_BRCA_18,excluded_BRCA_35,excluded_BRCA_37,excluded_BRCA_23,excluded_BRCA_2,excluded_BRCA_33,excluded_BRCA_20,excluded_BRCA_48,excluded_BRCA_3,excluded_BRCA_25,excluded_BRCA_7
alphabeta_tcell_1,0.77486,TNBC,True,1.0,1.0,1.0,1.0,1.0,1.0,1.0,1.0,1.0,1.0,1.0,1.0,1.0,1.0,1.0,1.0,1.0,1.0,1.0
alphabeta_tcell_2,0.64593,ER+,True,1.0,1.0,1.0,1.0,1.0,1.0,1.0,1.0,1.0,1.0,1.0,1.0,1.0,1.0,1.0,1.0,1.0,1.0,1.0
NKT_1,0.08638,TNBC,False,0.0,2.8571428571428568,1.3928571428571428,0.6071428571428571,0.6428571428571428,1.464285714285714,0.8928571428571428,0.7142857142857143,1.6428571428571428,1.0714285714285714,0.5357142857142857,2.3214285714285707,0.3214285714285714,0.8928571428571428,1.1785714285714286,0.4642857142857143,0.9285714285714284,0.8928571428571428,1.5714285714285714
bcell_1,0.30176,TNBC,False,0.0,19.0,1.0,0.0,1.0,4.0,1.0,0.0,1.0,0.0,1.0,4.0,1.0,1.0,2.0,0.0,3.0,0.0,5.0
nk_1,0.53537,TNBC,False,1.0,0.0,1.0,1.0,0.0,1.0,1.0,1.0,1.0,1.0,1.0,1.0,1.0,1.0,1.0,1.0,1.0,1.0,1.0
myeloid_1,0.25067,TNBC,False,0.0,6.0,2.5,3.0,0.0,6.5,1.0,1.0,1.0,1.5,1.0,8.0,0.5,0.5,0.0,1.0,2.0,1.0,10.0
myeloid_2,0.20387,TNBC,False,0.5,0.0,1.0,0.0,1.0,1.0,1.0,0.0,0.0,0.5,0.0,0.0,0.5,0.5,1.5,4.0,1.0,1.0,1.0
mast_2,0.80858,TNBC,True,1.0,1.0,1.0,1.0,1.0,1.0,1.0,1.0,1.0,1.0,1.0,1.0,1.0,1.0,1.0,1.0,1.0,1.0,1.0
