,beanie_pval,direction,robust,excluded_BRCA_4,excluded_BRCA_10,excluded_BRCA_14,excluded_BRCA_19,excluded_BRCA_35,excluded_BRCA_20,excluded_BRCA_3,excluded_BRCA_7
alphabeta_tcell_1,0.38564,TNBC,False,1.0,0.0,0.0,1.0,1.0,1.0,1.0,0.0
alphabeta_tcell_2,0.09838,TNBC,False,0.0,0.9333333333333336,0.06666666666666668,0.06666666666666668,1.8000000000000005,2.8,0.33333333333333337,5.466666666666668
NKT_1,0.171,TNBC,False,0.0,0.0,4.0,6.0,2.0,0.0,3.0,6.0
bcell_1,0.21040999999999999,TNBC,False,1.0,0.0,0.0,1.0,0.0,0.0,0.0,0.0
nk_1,0.44061999999999996,TNBC,False,1.0,1.0,1.0,1.0,1.0,1.0,1.0,0.0
myeloid_1,0.17202,TNBC,False,0.0,1.0,2.0,0.0,8.0,36.0,0.0,8.0
myeloid_2,0.12884,TNBC,False,0.0,0.75,0.0,0.0,5.75,11.5,0.5,12.0
mast_2,0.18172,TNBC,False,1.0,0.0,1.0,1.0,0.0,0.0,1.0,0.0
