,beanie_pval,direction,robust,excluded_BRCA_4,excluded_BRCA_39,excluded_BRCA_14,excluded_BRCA_11,excluded_BRCA_32,excluded_BRCA_21,excluded_BRCA_22,excluded_BRCA_17,excluded_BRCA_19,excluded_BRCA_0,excluded_BRCA_9,excluded_BRCA_30,excluded_BRCA_23,excluded_BRCA_16,excluded_BRCA_6,excluded_BRCA_7
alphabeta_tcell_1,0.048960000000000004,treatment_naive,False,0.7941176470588235,0.7205882352941175,0.07352941176470587,0.6764705882352939,0.6176470588235293,1.3970588235294117,0.5735294117647058,0.3529411764705882,0.10294117647058824,1.1029411764705879,0.7647058823529411,0.5441176470588235,1.2205882352941175,0.5147058823529411,1.2058823529411764,0.30882352941176466
alphabeta_tcell_2,0.8115399999999999,treatment_naive,True,1.0,1.0,1.0,1.0,1.0,1.0,1.0,1.0,1.0,1.0,1.0,1.0,1.0,1.0,1.0,1.0
NKT_1,0.9259200000000001,treatment_naive,False,1.0,1.0,1.0,1.0,1.0,1.0,1.0,1.0,0.0,1.0,1.0,1.0,1.0,1.0,1.0,1.0
bcell_1,0.7638199999999999,treatment_naive,False,1.0,1.0,1.0,0.0,1.0,1.0,1.0,1.0,1.0,1.0,1.0,1.0,1.0,1.0,1.0,1.0
nk_1,0.3705,treatment_naive,True,1.0,1.0,1.0,1.0,1.0,1.0,1.0,1.0,1.0,1.0,1.0,1.0,1.0,1.0,1.0,1.0
myeloid_1,0.88007,anti_PD1,True,1.0,1.0,1.0,1.0,1.0,1.0,1.0,1.0,1.0,1.0,1.0,1.0,1.0,1.0,1.0,1.0
myeloid_2,0.05245,treatment_naive,False,0.0,1.464285714285714,1.857142857142857,2.071428571428571,0.7499999999999999,1.5714285714285714,1.6785714285714284,0.9642857142857144,0.0,1.0357142857142856,1.3214285714285714,1.0357142857142856,2.357142857142857,0.6785714285714285,1.9285714285714288,1.464285714285714
mast_2,0.65677,treatment_naive,True,1.0,1.0,1.0,1.0,1.0,1.0,1.0,1.0,1.0,1.0,1.0,1.0,1.0,1.0,1.0,1.0
