,beanie_pval,direction,robust,excluded_BRCA_26,excluded_BRCA_4,excluded_BRCA_21,excluded_BRCA_19,excluded_BRCA_16,excluded_BRCA_7
alphabeta_tcell_1,0.5464600000000001,anti_PD1,False,0.0,0.6666666666666667,6.333333333333334,0.0,0.0,0.0
alphabeta_tcell_2,0.17952,anti_PD1,False,0.1176470588235294,1.1764705882352942,2.88235294117647,1.8823529411764703,0.29411764705882354,0.1176470588235294
NKT_1,0.49759,anti_PD1,False,0.0,0.0,4.0,0.0,1.0,5.0
bcell_1,0.7224,anti_PD1,False,0.0,0.0,7.000000000000001,0.0,0.0,2.0
nk_1,0.43878,anti_PD1,False,0.0,1.7500000000000002,12.75,1.0,0.0,0.25
myeloid_1,0.78158,anti_PD1,False,1.0,1.0,1.0,0.0,1.0,1.0
myeloid_2,0.5945600000000001,anti_PD1,False,1.0,1.0,1.0,0.0,1.0,0.0
mast_2,0.47321,treatment_naive,False,1.0,0.0,0.0,0.0,0.0,10.0
